circuitId,circuitRef,name,location,country,lat,lng,alt,url,latest_year,count
1,albert_park,Albert Park Grand Prix Circuit,Melbourne,Australia,-37.8497,144.968,10,http://en.wikipedia.org/wiki/Melbourne_Grand_Prix_Circuit,2022,25
10,hockenheimring,Hockenheimring,Hockenheim,Germany,49.3278,8.56583,103,http://en.wikipedia.org/wiki/Hockenheimring,2019,19
11,hungaroring,Hungaroring,Budapest,Hungary,47.5789,19.2486,264,http://en.wikipedia.org/wiki/Hungaroring,2022,28
12,valencia,Valencia Street Circuit,Valencia,Spain,39.4589,-0.331667,4,http://en.wikipedia.org/wiki/Valencia_Street_Circuit,2012,5
13,spa,Circuit de Spa-Francorchamps,Spa,Belgium,50.4372,5.97139,401,http://en.wikipedia.org/wiki/Circuit_de_Spa-Francorchamps,2022,26
14,monza,Autodromo Nazionale di Monza,Monza,Italy,45.6156,9.28111,162,http://en.wikipedia.org/wiki/Autodromo_Nazionale_Monza,2022,28
15,marina_bay,Marina Bay Street Circuit,Marina Bay,Singapore,1.2914,103.864,18,http://en.wikipedia.org/wiki/Marina_Bay_Street_Circuit,2022,13
16,fuji,Fuji Speedway,Oyama,Japan,35.3717,138.927,583,http://en.wikipedia.org/wiki/Fuji_Speedway,2008,2
17,shanghai,Shanghai International Circuit,Shanghai,China,31.3389,121.22,5,http://en.wikipedia.org/wiki/Shanghai_International_Circuit,2019,16
18,interlagos,Autódromo José Carlos Pace,São Paulo,Brazil,-23.7036,-46.6997,785,http://en.wikipedia.org/wiki/Aut%C3%B3dromo_Jos%C3%A9_Carlos_Pace,2022,27
19,indianapolis,Indianapolis Motor Speedway,Indianapolis,USA,39.795,-86.2347,223,http://en.wikipedia.org/wiki/Indianapolis_Motor_Speedway,2007,8
2,sepang,Sepang International Circuit,Kuala Lumpur,Malaysia,2.76083,101.738,18,http://en.wikipedia.org/wiki/Sepang_International_Circuit,2017,19
20,nurburgring,Nürburgring,Nürburg,Germany,50.3356,6.9475,578,http://en.wikipedia.org/wiki/N%C3%BCrburgring,2020,17
21,imola,Autodromo Enzo e Dino Ferrari,Imola,Italy,44.3439,11.7167,37,http://en.wikipedia.org/wiki/Autodromo_Enzo_e_Dino_Ferrari,2022,15
22,suzuka,Suzuka Circuit,Suzuka,Japan,34.8431,136.541,45,http://en.wikipedia.org/wiki/Suzuka_Circuit,2022,24
24,yas_marina,Yas Marina Circuit,Abu Dhabi,UAE,24.4672,54.6031,3,http://en.wikipedia.org/wiki/Yas_Marina_Circuit,2022,14
25,galvez,Autódromo Juan y Oscar Gálvez,Buenos Aires,Argentina,-34.6943,-58.4593,8,http://en.wikipedia.org/wiki/Aut%C3%B3dromo_Oscar_Alfredo_G%C3%A1lvez,1998,4
26,jerez,Circuito de Jerez,Jerez de la Frontera,Spain,36.7083,-6.03417,37,http://en.wikipedia.org/wiki/Circuito_Permanente_de_Jerez,1997,1
27,estoril,Autódromo do Estoril,Estoril,Portugal,38.7506,-9.39417,130,http://en.wikipedia.org/wiki/Aut%C3%B3dromo_do_Estoril,1996,2
28,okayama,Okayama International Circuit,Okayama,Japan,34.915,134.221,266,http://en.wikipedia.org/wiki/TI_Circuit,1995,1
29,adelaide,Adelaide Street Circuit,Adelaide,Australia,-34.9272,138.617,58,http://en.wikipedia.org/wiki/Adelaide_Street_Circuit,1995,1
3,bahrain,Bahrain International Circuit,Sakhir,Bahrain,26.0325,50.5106,7,http://en.wikipedia.org/wiki/Bahrain_International_Circuit,2022,19
32,rodriguez,Autódromo Hermanos Rodríguez,Mexico City,Mexico,19.4042,-99.0907,2227,http://en.wikipedia.org/wiki/Aut%C3%B3dromo_Hermanos_Rodr%C3%ADguez,2022,7
34,ricard,Circuit Paul Ricard,Le Castellet,France,43.2506,5.79167,432,http://en.wikipedia.org/wiki/Paul_Ricard_Circuit,2022,4
35,yeongam,Korean International Circuit,Yeongam County,Korea,34.7333,126.417,0,http://en.wikipedia.org/wiki/Korean_International_Circuit,2013,4
39,zandvoort,Circuit Park Zandvoort,Zandvoort,Netherlands,52.3888,4.54092,6,http://en.wikipedia.org/wiki/Circuit_Zandvoort,2022,2
4,catalunya,Circuit de Barcelona-Catalunya,Montmeló,Spain,41.57,2.26111,109,http://en.wikipedia.org/wiki/Circuit_de_Barcelona-Catalunya,2022,28
5,istanbul,Istanbul Park,Istanbul,Turkey,40.9517,29.405,130,http://en.wikipedia.org/wiki/Istanbul_Park,2021,9
6,monaco,Circuit de Monaco,Monte-Carlo,Monaco,43.7347,7.42056,7,http://en.wikipedia.org/wiki/Circuit_de_Monaco,2022,27
68,buddh,Buddh International Circuit,Uttar Pradesh,India,28.3487,77.5331,194,http://en.wikipedia.org/wiki/Buddh_International_Circuit,2013,3
69,americas,Circuit of the Americas,Austin,USA,30.1328,-97.6411,161,http://en.wikipedia.org/wiki/Circuit_of_the_Americas,2022,10
7,villeneuve,Circuit Gilles Villeneuve,Montreal,Canada,45.5,-73.5228,13,http://en.wikipedia.org/wiki/Circuit_Gilles_Villeneuve,2022,25
70,red_bull_ring,Red Bull Ring,Spielberg,Austria,47.2197,14.7647,678,http://en.wikipedia.org/wiki/Red_Bull_Ring,2022,18
71,sochi,Sochi Autodrom,Sochi,Russia,43.4057,39.9578,2,http://en.wikipedia.org/wiki/Sochi_Autodrom,2021,8
73,baku,Baku City Circuit,Baku,Azerbaijan,40.3725,49.8533,-7,http://en.wikipedia.org/wiki/Baku_City_Circuit,2022,6
75,portimao,Autódromo Internacional do Algarve,Portimão,Portugal,37.227,-8.6267,108,http://en.wikipedia.org/wiki/Algarve_International_Circuit,2021,2
76,mugello,Autodromo Internazionale del Mugello,Mugello,Italy,43.9975,11.3719,255,http://en.wikipedia.org/wiki/Mugello_Circuit,2020,1
77,jeddah,Jeddah Corniche Circuit,Jeddah,Saudi Arabia,21.6319,39.1044,15,http://en.wikipedia.org/wiki/Jeddah_Street_Circuit,2022,2
78,losail,Losail International Circuit,Al Daayen,Qatar,25.49,51.4542,\N,http://en.wikipedia.org/wiki/Losail_International_Circuit,2021,1
79,miami,Miami International Autodrome,Miami,USA,25.9581,-80.2389,\N,http://en.wikipedia.org/wiki/Miami_International_Autodrome,2022,1
8,magny_cours,Circuit de Nevers Magny-Cours,Magny Cours,France,46.8642,3.16361,228,http://en.wikipedia.org/wiki/Circuit_de_Nevers_Magny-Cours,2008,14
9,silverstone,Silverstone Circuit,Silverstone,UK,52.0786,-1.01694,153,http://en.wikipedia.org/wiki/Silverstone_Circuit,2022,29
66,bremgarten,Circuit Bremgarten,Bern,Switzerland,46.9589,7.40194,551,http://en.wikipedia.org/wiki/Circuit_Bremgarten,1954,0
67,pedralbes,Circuit de Pedralbes,Barcelona,Spain,41.3903,2.11667,85,http://en.wikipedia.org/wiki/Pedralbes_Circuit,1954,0
65,pescara,Pescara Circuit,Pescara,Italy,42.475,14.1508,129,http://en.wikipedia.org/wiki/Pescara_Circuit,1957,0
64,ain-diab,Ain Diab,Casablanca,Morocco,33.5786,-7.6875,19,http://en.wikipedia.org/wiki/Ain-Diab_Circuit,1958,0
61,avus,AVUS,Berlin,Germany,52.4806,13.2514,53,http://en.wikipedia.org/wiki/AVUS,1959,0
62,monsanto,Monsanto Park Circuit,Lisbon,Portugal,38.7197,-9.20306,158,http://en.wikipedia.org/wiki/Monsanto_Park_Circuit,1959,0
63,sebring,Sebring International Raceway,Florida,USA,27.4547,-81.3483,18,http://en.wikipedia.org/wiki/Sebring_Raceway,1959,0
59,boavista,Circuito da Boavista,Oporto,Portugal,41.1705,-8.67325,28,http://en.wikipedia.org/wiki/Circuito_da_Boavista,1960,0
60,riverside,Riverside International Raceway,California,USA,33.937,-117.273,470,http://en.wikipedia.org/wiki/Riverside_International_Raceway,1960,0
58,aintree,Aintree,Liverpool,UK,53.4769,-2.94056,20,http://en.wikipedia.org/wiki/Aintree_Motor_Racing_Circuit,1962,0
57,zeltweg,Zeltweg,Styria,Austria,47.2039,14.7478,676,http://en.wikipedia.org/wiki/Zeltweg_Airfield,1964,0
56,george,Prince George Circuit,Eastern Cape Province,South Africa,-33.0486,27.8736,15,http://en.wikipedia.org/wiki/Prince_George_Circuit,1965,0
55,reims,Reims-Gueux,Reims,France,49.2542,3.93083,88,http://en.wikipedia.org/wiki/Reims-Gueux,1966,0
54,lemans,Le Mans,Le Mans,France,47.95,0.224231,67,http://en.wikipedia.org/wiki/Circuit_de_la_Sarthe#Bugatti_Circuit,1967,0
53,essarts,Rouen-Les-Essarts,Rouen,France,49.3306,1.00458,81,http://en.wikipedia.org/wiki/Rouen-Les-Essarts,1968,0
52,tremblant,Circuit Mont-Tremblant,Quebec,Canada,46.1877,-74.6099,214,http://en.wikipedia.org/wiki/Circuit_Mont-Tremblant,1970,0
51,charade,Charade Circuit,Clermont-Ferrand,France,45.7472,3.03889,790,http://en.wikipedia.org/wiki/Charade_Circuit,1972,0
50,nivelles,Nivelles-Baulers,Brussels,Belgium,50.6211,4.32694,139,http://en.wikipedia.org/wiki/Nivelles-Baulers,1974,0
49,montjuic,Montjuïc,Barcelona,Spain,41.3664,2.15167,79,http://en.wikipedia.org/wiki/Montju%C3%AFc_circuit,1975,0
48,mosport,Mosport International Raceway,Ontario,Canada,44.0481,-78.6756,332,http://en.wikipedia.org/wiki/Mosport,1977,0
47,anderstorp,Scandinavian Raceway,Anderstorp,Sweden,57.2653,13.6042,153,http://en.wikipedia.org/wiki/Scandinavian_Raceway,1978,0
46,watkins_glen,Watkins Glen,New York State,USA,42.3369,-76.9272,485,http://en.wikipedia.org/wiki/Watkins_Glen_International,1980,0
45,jarama,Jarama,Madrid,Spain,40.6171,-3.58558,609,http://en.wikipedia.org/wiki/Circuito_Permanente_Del_Jarama,1981,0
44,las_vegas,Las Vegas Street Circuit,Nevada,USA,36.1162,-115.174,639,"http://en.wikipedia.org/wiki/Las_Vegas,_Nevada",1982,0
43,long_beach,Long Beach,California,USA,33.7651,-118.189,12,"http://en.wikipedia.org/wiki/Long_Beach,_California",1983,0
40,zolder,Zolder,Heusden-Zolder,Belgium,50.9894,5.25694,36,http://en.wikipedia.org/wiki/Zolder,1984,0
41,dijon,Dijon-Prenois,Dijon,France,47.3625,4.89913,484,http://en.wikipedia.org/wiki/Dijon-Prenois,1984,0
42,dallas,Fair Park,Dallas,USA,32.7774,-96.7587,139,http://en.wikipedia.org/wiki/Fair_Park,1984,0
38,brands_hatch,Brands Hatch,Kent,UK,51.3569,0.263056,145,http://en.wikipedia.org/wiki/Brands_Hatch,1986,0
37,detroit,Detroit Street Circuit,Detroit,USA,42.3298,-83.0401,177,http://en.wikipedia.org/wiki/Detroit_street_circuit,1988,0
36,jacarepagua,Autódromo Internacional Nelson Piquet,Rio de Janeiro,Brazil,-22.9756,-43.395,1126,http://en.wikipedia.org/wiki/Aut%C3%B3dromo_Internacional_Nelson_Piquet,1989,0
33,phoenix,Phoenix street circuit,Phoenix,USA,33.4479,-112.075,345,http://en.wikipedia.org/wiki/Phoenix_street_circuit,1991,0
30,kyalami,Kyalami,Midrand,South Africa,-25.9894,28.0767,1460,http://en.wikipedia.org/wiki/Kyalami,1993,0
31,donington,Donington Park,Castle Donington,UK,52.8306,-1.37528,88,http://en.wikipedia.org/wiki/Donington_Park,1993,0
